{
  "id": "",
  "name": "",
  "font_family": "iconfont",
  "css_prefix_text": "icon-",
  "description": "",
  "glyphs": [
    {
      "icon_id": "14327740",
      "name": "资源 12",
      "font_class": "ziyuan12",
      "unicode": "e60c",
      "unicode_decimal": 58892
    },
    {
      "icon_id": "14327743",
      "name": "资源 3",
      "font_class": "ziyuan3",
      "unicode": "e60d",
      "unicode_decimal": 58893
    },
    {
      "icon_id": "14327753",
      "name": "资源 1",
      "font_class": "ziyuan1",
      "unicode": "e60e",
      "unicode_decimal": 58894
    },
    {
      "icon_id": "14327765",
      "name": "资源 4",
      "font_class": "ziyuan4",
      "unicode": "e60f",
      "unicode_decimal": 58895
    },
    {
      "icon_id": "14327772",
      "name": "资源 13",
      "font_class": "ziyuan13",
      "unicode": "e610",
      "unicode_decimal": 58896
    },
    {
      "icon_id": "14327784",
      "name": "资源 11",
      "font_class": "ziyuan11",
      "unicode": "e613",
      "unicode_decimal": 58899
    }
  ]
}
