{
  "id": "1377284",
  "name": "a-p",
  "font_family": "iconfont",
  "css_prefix_text": "icon-",
  "description": "",
  "glyphs": [
    {
      "icon_id": "736882",
      "name": "pause",
      "font_class": "pause",
      "unicode": "e713",
      "unicode_decimal": 59155
    },
    {
      "icon_id": "1220912",
      "name": "pause",
      "font_class": "pause1",
      "unicode": "e650",
      "unicode_decimal": 58960
    },
    {
      "icon_id": "1469223",
      "name": "forward",
      "font_class": "forward",
      "unicode": "e859",
      "unicode_decimal": 59481
    },
    {
      "icon_id": "4739981",
      "name": "back",
      "font_class": "back",
      "unicode": "e624",
      "unicode_decimal": 58916
    },
    {
      "icon_id": "5226593",
      "name": "play",
      "font_class": "play",
      "unicode": "e637",
      "unicode_decimal": 58935
    }
  ]
}
